scenario,expected_return,volatility,sharpe_ratio,return_vs_neutral,scenario_adjustment
bullish,11.256127496934155,0.47821002622754294,23.496218984726507,2.5975678839078835,0.3
neutral,8.658559613026272,0.47821002622754294,18.064363227959287,0.0,0.0
bearish,6.06099172911839,0.47821002622754294,12.632507471192067,-2.5975678839078817,-0.3
